year	age	male	female
1920	0	945	932
1920	1	700	693
1920	2	697	691
1920	3	700	691
1920	4	711	697
1920	5	693	680
1920	6	711	693
1920	7	700	682
1920	8	696	681
1920	9	667	653
1920	10	648	635
1920	11	653	637
1920	12	633	617
1920	13	612	598
1920	14	544	526
1920	15	548	534
1920	16	543	527
1920	17	562	546
1920	18	553	539
1920	19	543	525
1920	20	508	495
1920	21	455	461
1920	22	465	474
1920	23	448	435
1920	24	441	428
1920	25	438	417
1920	26	417	398
1920	27	397	378
1920	28	397	379
1920	29	358	345
1920	30	378	361
1920	31	394	380
1920	32	378	364
1920	33	360	353
1920	34	324	318
1920	35	340	335
1920	36	343	342
1920	37	340	342
1920	38	339	337
1920	39	346	347
1920	40	325	319
1920	41	339	332
1920	42	330	319
1920	43	318	311
1920	44	328	322
1920	45	295	289
1920	46	284	281
1920	47	276	273
1920	48	256	250
1920	49	229	225
1920	50	212	209
1920	51	225	224
1920	52	255	254
1920	53	217	213
1920	54	213	213
1920	55	229	230
1920	56	212	212
1920	57	167	169
1920	58	158	163
1920	59	146	154
1920	60	166	172
1920	61	161	170
1920	62	164	172
1920	63	163	175
1920	64	149	164
1920	65	142	157
1920	66	138	154
1920	67	122	140
1920	68	117	133
1920	69	95	114
1920	70	95	115
1920	71	95	117
1920	72	82	103
1920	73	66	86
1920	74	61	75
1920	75	56	77
1920	76	46	65
1920	77	40	57
1920	78	30	43
1920	79	27	42
1920	80	21	33
1920	81	16	26
1920	82	12	20
1920	83	8	15
1920	84	8	14
1920	85	25	51
1921	0	895	872
1921	1	873	865
1921	2	679	673
1921	3	684	678
1921	4	691	680
1921	5	703	689
1921	6	688	674
1921	7	708	689
1921	8	699	680
1921	9	694	680
1921	10	664	651
1921	11	645	633
1921	12	650	635
1921	13	630	614
1921	14	609	593
1921	15	540	520
1921	16	544	529
1921	17	538	519
1921	18	556	538
1921	19	547	531
1921	20	537	516
1921	21	479	488
1921	22	460	454
1921	23	465	465
1921	24	447	428
1921	25	439	422
1921	26	434	410
1921	27	413	391
1921	28	393	373
1921	29	394	375
1921	30	355	340
1921	31	375	357
1921	32	390	376
1921	33	374	359
1921	34	357	348
1921	35	322	315
1921	36	337	330
1921	37	340	337
1921	38	336	337
1921	39	335	333
1921	40	343	343
1921	41	322	316
1921	42	335	328
1921	43	326	316
1921	44	314	308
1921	45	324	318
1921	46	291	286
1921	47	280	277
1921	48	271	269
1921	49	251	247
1921	50	225	222
1921	51	208	206
1921	52	220	220
1921	53	249	250
1921	54	211	208
1921	55	207	208
1921	56	222	226
1921	57	206	208
1921	58	161	165
1921	59	152	159
1921	60	141	150
1921	61	159	166
1921	62	154	164
1921	63	155	166
1921	64	155	169
1921	65	141	158
1921	66	134	150
1921	67	129	147
1921	68	114	133
1921	69	108	126
1921	70	88	107
1921	71	87	107
1921	72	86	109
1921	73	74	96
1921	74	59	79
1921	75	54	69
1921	76	48	69
1921	77	39	58
1921	78	34	50
1921	79	25	38
1921	80	22	36
1921	81	17	28
1921	82	13	22
1921	83	9	16
1921	84	6	12
1921	85	23	50
1922	0	909	893
1922	1	823	810
1922	2	839	831
1922	3	668	662
1922	4	676	670
1922	5	684	673
1922	6	698	683
1922	7	684	669
1922	8	705	686
1922	9	697	679
1922	10	692	678
1922	11	661	648
1922	12	643	630
1922	13	648	633
1922	14	627	609
1922	15	605	588
1922	16	536	513
1922	17	539	523
1922	18	533	510
1922	19	548	529
1922	20	541	523
1922	21	515	508
1922	22	488	481
1922	23	470	446
1922	24	466	458
1922	25	447	422
1922	26	437	417
1922	27	431	404
1922	28	410	385
1922	29	390	368
1922	30	391	371
1922	31	352	336
1922	32	373	354
1922	33	387	371
1922	34	372	354
1922	35	354	344
1922	36	320	312
1922	37	333	326
1922	38	336	333
1922	39	332	333
1922	40	332	329
1922	41	340	338
1922	42	319	313
1922	43	330	324
1922	44	322	312
1922	45	309	304
1922	46	319	314
1922	47	286	282
1922	48	275	273
1922	49	266	266
1922	50	247	244
1922	51	220	219
1922	52	204	203
1922	53	215	217
1922	54	243	246
1922	55	204	203
1922	56	201	203
1922	57	215	220
1922	58	199	203
1922	59	155	161
1922	60	146	155
1922	61	135	145
1922	62	151	161
1922	63	146	158
1922	64	147	160
1922	65	145	161
1922	66	133	151
1922	67	125	143
1922	68	119	140
1922	69	104	125
1922	70	98	118
1922	71	79	100
1922	72	78	100
1922	73	76	100
1922	74	65	87
1922	75	51	71
1922	76	46	61
1922	77	41	61
1922	78	33	51
1922	79	28	44
1922	80	20	33
1922	81	18	30
1922	82	14	23
1922	83	10	18
1922	84	7	13
1922	85	21	46
1923	0	911	895
1923	1	842	832
1923	2	791	778
1923	3	822	812
1923	4	662	655
1923	5	671	664
1923	6	680	668
1923	7	694	678
1923	8	681	666
1923	9	703	683
1923	10	696	677
1923	11	691	676
1923	12	658	645
1923	13	640	627
1923	14	644	631
1923	15	621	604
1923	16	600	582
1923	17	531	506
1923	18	533	518
1923	19	527	501
1923	20	541	521
1923	21	520	514
1923	22	515	500
1923	23	487	474
1923	24	465	439
1923	25	464	450
1923	26	442	416
1923	27	432	412
1923	28	426	398
1923	29	405	378
1923	30	386	363
1923	31	388	367
1923	32	349	332
1923	33	370	350
1923	34	385	367
1923	35	369	350
1923	36	351	340
1923	37	317	309
1923	38	330	321
1923	39	333	328
1923	40	329	328
1923	41	328	325
1923	42	336	334
1923	43	316	310
1923	44	326	320
1923	45	318	309
1923	46	305	300
1923	47	315	310
1923	48	282	278
1923	49	271	269
1923	50	262	262
1923	51	242	240
1923	52	216	215
1923	53	200	201
1923	54	210	214
1923	55	237	242
1923	56	198	197
1923	57	195	199
1923	58	209	215
1923	59	192	198
1923	60	149	157
1923	61	141	151
1923	62	129	140
1923	63	144	155
1923	64	138	152
1923	65	138	153
1923	66	136	154
1923	67	125	145
1923	68	117	137
1923	69	110	133
1923	70	96	117
1923	71	90	111
1923	72	72	93
1923	73	70	92
1923	74	68	92
1923	75	57	79
1923	76	44	64
1923	77	40	55
1923	78	35	54
1923	79	28	44
1923	80	23	37
1923	81	17	28
1923	82	14	25
1923	83	11	19
1923	84	8	15
1923	85	20	45
1924	0	907	889
1924	1	839	829
1924	2	811	803
1924	3	774	761
1924	4	812	801
1924	5	658	651
1924	6	668	661
1924	7	678	665
1924	8	691	675
1924	9	679	663
1924	10	701	680
1924	11	696	676
1924	12	689	674
1924	13	656	643
1924	14	637	624
1924	15	641	628
1924	16	616	598
1924	17	595	575
1924	18	525	499
1924	19	528	512
1924	20	522	494
1924	21	517	514
1924	22	520	507
1924	23	514	492
1924	24	485	468
1924	25	459	433
1924	26	463	444
1924	27	438	411
1924	28	428	408
1924	29	422	393
1924	30	401	373
1924	31	382	359
1924	32	385	364
1924	33	347	328
1924	34	368	347
1924	35	382	364
1924	36	367	346
1924	37	349	336
1924	38	315	306
1924	39	327	317
1924	40	330	324
1924	41	326	324
1924	42	325	322
1924	43	333	330
1924	44	313	307
1924	45	322	317
1924	46	314	306
1924	47	301	297
1924	48	310	306
1924	49	277	275
1924	50	266	265
1924	51	257	258
1924	52	238	237
1924	53	211	211
1924	54	195	197
1924	55	205	210
1924	56	231	238
1924	57	191	192
1924	58	188	194
1924	59	202	210
1924	60	185	193
1924	61	144	154
1924	62	135	147
1924	63	123	136
1924	64	136	149
1924	65	131	146
1924	66	130	147
1924	67	128	147
1924	68	117	138
1924	69	108	130
1924	70	102	125
1924	71	87	110
1924	72	81	103
1924	73	64	86
1924	74	63	85
1924	75	60	83
1924	76	51	72
1924	77	38	57
1924	78	34	48
1924	79	30	47
1924	80	23	38
1924	81	19	32
1924	82	14	23
1924	83	11	21
1924	84	8	16
1924	85	21	45
1925	0	966	955
1925	1	832	820
1925	2	804	794
1925	3	795	785
1925	4	764	750
1925	5	806	793
1925	6	656	648
1925	7	665	658
1925	8	675	662
1925	9	689	672
1925	10	677	660
1925	11	699	678
1925	12	695	675
1925	13	687	672
1925	14	653	639
1925	15	634	620
1925	16	637	625
1925	17	609	592
1925	18	589	569
1925	19	520	491
1925	20	522	507
1925	21	502	486
1925	22	518	507
1925	23	519	500
1925	24	513	486
1925	25	483	462
1925	26	453	428
1925	27	462	438
1925	28	434	406
1925	29	425	403
1925	30	417	389
1925	31	397	368
1925	32	379	354
1925	33	382	360
1925	34	344	325
1925	35	365	344
1925	36	379	360
1925	37	364	342
1925	38	347	332
1925	39	313	303
1925	40	324	314
1925	41	327	320
1925	42	322	320
1925	43	322	318
1925	44	330	326
1925	45	310	304
1925	46	317	313
1925	47	310	302
1925	48	297	293
1925	49	305	303
1925	50	272	271
1925	51	261	261
1925	52	252	254
1925	53	233	234
1925	54	206	208
1925	55	191	194
1925	56	200	207
1925	57	224	234
1925	58	185	186
1925	59	182	189
1925	60	194	204
1925	61	177	188
1925	62	138	149
1925	63	128	142
1925	64	117	130
1925	65	129	143
1925	66	123	140
1925	67	122	140
1925	68	119	139
1925	69	109	131
1925	70	100	123
1925	71	94	117
1925	72	79	102
1925	73	73	95
1925	74	58	79
1925	75	56	77
1925	76	52	75
1925	77	44	64
1925	78	33	50
1925	79	29	42
1925	80	25	40
1925	81	19	33
1925	82	16	27
1925	83	11	20
1925	84	9	17
1925	85	22	47
1926	0	994.6	969.6
1926	1	894.3	887.9
1926	2	812.6	801.8
1926	3	799	788.6
1926	4	786	775.8
1926	5	758.8	744.1
1926	6	800.9	786.7
1926	7	650.9	642.6
1926	8	663.4	655.2
1926	9	673.6	660.1
1926	10	687.8	671.3
1926	11	675.6	659
1926	12	697.5	676.1
1926	13	691.8	671.8
1926	14	684.2	668.3
1926	15	650.2	634.8
1926	16	629.7	614
1926	17	631.9	618.1
1926	18	603.8	584.5
1926	19	584	561.4
1926	20	514.7	484.1
1926	21	501.8	501.5
1926	22	503.8	480.7
1926	23	517.2	500.8
1926	24	517	494.6
1926	25	509.3	480.4
1926	26	478.9	456.2
1926	27	449.9	423.5
1926	28	458.9	434.8
1926	29	431.5	402.5
1926	30	421.5	399.6
1926	31	414.9	385.9
1926	32	394.9	365.8
1926	33	376.4	351.6
1926	34	379.8	357.1
1926	35	341.7	322
1926	36	362.4	340.7
1926	37	376.5	356.9
1926	38	360.9	338.3
1926	39	343.8	328.9
1926	40	309.7	299.6
1926	41	321	310.6
1926	42	323.1	316.6
1926	43	318.6	317
1926	44	317.9	314.9
1926	45	325.3	323.2
1926	46	305.5	300.8
1926	47	313.1	309.7
1926	48	305.4	298.8
1926	49	292.4	290.3
1926	50	299.7	298.6
1926	51	267.5	267.6
1926	52	256.2	257.3
1926	53	246.4	250.3
1926	54	227.6	230
1926	55	201.1	204.4
1926	56	185.6	190.9
1926	57	194.1	202.9
1926	58	217.3	228.7
1926	59	179	183.3
1926	60	175.5	184.8
1926	61	186.7	199.3
1926	62	169.9	182.9
1926	63	131.3	144.8
1926	64	122.2	137.4
1926	65	110.4	125.9
1926	66	121.7	137.2
1926	67	115.8	134.1
1926	68	114	133.8
1926	69	110.8	132.8
1926	70	100.3	124.4
1926	71	91.8	115.8
1926	72	85.1	110
1926	73	71.6	94.9
1926	74	65.6	87.6
1926	75	51.1	71.9
1926	76	49	70.4
1926	77	45.8	68.1
1926	78	37.8	57.5
1926	79	27.9	44.4
1926	80	24.1	36.9
1926	81	20.4	34.9
1926	82	15.6	28
1926	83	12.4	22.6
1926	84	8.5	16.2
1926	85	22.9	50.4
1927	0	988.9	968.8
1927	1	930.9	914.5
1927	2	857.2	850.4
1927	3	801.2	790.7
1927	4	795.4	784.6
1927	5	779.9	769
1927	6	754.8	739.6
1927	7	796.5	781.4
1927	8	646.8	638.4
1927	9	661.6	652.6
1927	10	672.2	658.5
1927	11	686.9	670.3
1927	12	674.4	657.7
1927	13	695.5	673.9
1927	14	688.1	667.7
1927	15	679.7	662.8
1927	16	646.4	629.5
1927	17	624.6	607
1927	18	626.1	610.5
1927	19	597.5	576.5
1927	20	578.4	553.6
1927	21	492.1	476.5
1927	22	502.5	496
1927	23	502.1	475.4
1927	24	514.6	494.5
1927	25	513.5	489
1927	26	505.1	475
1927	27	474.5	450.2
1927	28	446.7	419.2
1927	29	455.5	431.4
1927	30	428.6	399.4
1927	31	418.3	395.6
1927	32	412.1	383
1927	33	392.3	363.4
1927	34	373.8	348.7
1927	35	377	353.7
1927	36	339.1	319.4
1927	37	359.3	337.4
1927	38	373.4	353.4
1927	39	357.4	334.6
1927	40	340.7	325.8
1927	41	306.2	295.9
1927	42	317.6	307.5
1927	43	319.2	313.5
1927	44	314.8	314
1927	45	313.7	311.8
1927	46	320.6	319.7
1927	47	300.7	296.9
1927	48	308.2	306.1
1927	49	300.2	295
1927	50	287.2	286.8
1927	51	293.9	294.3
1927	52	262.1	263.8
1927	53	250.7	253.6
1927	54	240.6	246.3
1927	55	221.9	225.9
1927	56	195.8	200.7
1927	57	180.1	187.1
1927	58	187.8	198.6
1927	59	209.5	223.4
1927	60	172.9	179.9
1927	61	168.5	180.2
1927	62	178.6	193.6
1927	63	162	177.1
1927	64	124.6	139.6
1927	65	115.3	132.2
1927	66	103.8	120.8
1927	67	114.2	131.1
1927	68	107.7	127.5
1927	69	105.7	127
1927	70	102	125.4
1927	71	91.5	116.7
1927	72	83.1	108
1927	73	76.5	101.7
1927	74	63.7	87.1
1927	75	57.6	79.5
1927	76	44.3	64.8
1927	77	42.3	63
1927	78	39.1	60.5
1927	79	31.8	50.3
1927	80	23.1	38.4
1927	81	19.7	31.5
1927	82	16.5	29.5
1927	83	12.3	23.1
1927	84	9.6	18.3
1927	85	22.9	50.8
1928	0	981.3	958
1928	1	933.8	920.7
1928	2	901.5	886.3
1928	3	838	829.8
1928	4	794.4	783.7
1928	5	793.5	782.3
1928	6	775.9	764.5
1928	7	751.8	736.3
1928	8	793.1	777.3
1928	9	643.6	634.9
1928	10	660.2	650.4
1928	11	671	656.9
1928	12	686.2	669.4
1928	13	673.3	656.3
1928	14	693.4	671.1
1928	15	683.4	662.6
1928	16	674	656.5
1928	17	642	624
1928	18	619	600.1
1928	19	620.3	603
1928	20	591.2	568.9
1928	21	556.1	546.3
1928	22	490.9	469.3
1928	23	500.7	490.9
1928	24	497	470.5
1928	25	510.7	488.7
1928	26	509.3	483.8
1928	27	500.5	469.9
1928	28	470.1	444.6
1928	29	443.5	415.1
1928	30	452.1	428.3
1928	31	425.8	396.4
1928	32	415.2	391.8
1928	33	409.6	380.2
1928	34	389.8	361.2
1928	35	371.4	345.9
1928	36	374.3	350.5
1928	37	336.8	316.9
1928	38	356.3	334.2
1928	39	370.3	350.2
1928	40	353.9	331
1928	41	337.6	322.8
1928	42	302.7	292.4
1928	43	314.3	304.6
1928	44	315.2	310.4
1928	45	311	311.2
1928	46	309.6	308.8
1928	47	316	316.3
1928	48	295.8	293
1928	49	303.4	302.6
1928	50	295	291.1
1928	51	282.1	283.4
1928	52	287.9	289.9
1928	53	256.7	260.1
1928	54	245.2	250
1928	55	234.7	242.3
1928	56	216.2	221.8
1928	57	190.5	197.1
1928	58	174.5	183.2
1928	59	181.7	194.3
1928	60	201.8	218
1928	61	166.8	176.4
1928	62	161.6	175.6
1928	63	170.4	188
1928	64	154.1	171.3
1928	65	117.9	134.4
1928	66	108.5	127
1928	67	97.3	115.7
1928	68	106.7	125.2
1928	69	99.8	121
1928	70	97.7	120.3
1928	71	93.5	118
1928	72	82.9	108.9
1928	73	74.9	100.4
1928	74	68.4	93.7
1928	75	56.3	79.6
1928	76	50.3	71.7
1928	77	38.3	57.9
1928	78	36.1	55.9
1928	79	33.2	53.4
1928	80	26.5	43.8
1928	81	19	33
1928	82	15.9	26.6
1928	83	13.1	24.6
1928	84	9.5	18.8
1928	85	23.7	53.1
1929	0	967.3	947.7
1929	1	911.1	895.3
1929	2	905.7	893.6
1929	3	885.1	869.6
1929	4	825.3	815.5
1929	5	790	778.8
1929	6	792.2	780.5
1929	7	772.7	760.8
1929	8	749.2	733.5
1929	9	790.1	773.5
1929	10	640.6	631.4
1929	11	658.8	648
1929	12	669.9	655.2
1929	13	685.3	668.2
1929	14	671.9	654.3
1929	15	690.5	667.5
1929	16	677.3	656.4
1929	17	667	649.4
1929	18	636.8	618
1929	19	612.9	592.8
1929	20	614.2	595.3
1929	21	568.2	561.2
1929	22	558.3	539
1929	23	491.4	462
1929	24	499.8	485.8
1929	25	493	465.6
1929	26	507.2	482.9
1929	27	505.2	478.7
1929	28	496.2	464.9
1929	29	465.8	439
1929	30	440.4	411
1929	31	448.9	425.1
1929	32	423	393.3
1929	33	412.1	388
1929	34	407	377.3
1929	35	387.2	358.8
1929	36	368.9	343
1929	37	371.5	347.1
1929	38	334.3	314.3
1929	39	353	330.9
1929	40	367.1	346.9
1929	41	350.4	327.4
1929	42	334.3	319.7
1929	43	299.2	288.8
1929	44	310.9	301.6
1929	45	311.1	307.3
1929	46	307	308.3
1929	47	305.3	305.7
1929	48	311.1	312.8
1929	49	290.6	288.9
1929	50	298.2	298.8
1929	51	289.6	287.1
1929	52	276.7	279.6
1929	53	281.7	285.2
1929	54	251.1	256
1929	55	239.5	245.9
1929	56	228.5	237.9
1929	57	210.3	217.4
1929	58	184.8	193.1
1929	59	168.6	179
1929	60	175.2	189.7
1929	61	193.6	212.1
1929	62	160.4	172.7
1929	63	154.3	170.7
1929	64	161.9	181.8
1929	65	145.9	164.9
1929	66	111	128.7
1929	67	101.6	121.2
1929	68	90.6	110.1
1929	69	99.1	118.7
1929	70	91.8	114
1929	71	89.7	113.1
1929	72	85	110.2
1929	73	74.5	100.7
1929	74	66.8	92.4
1929	75	60.5	85.2
1929	76	49.3	71.8
1929	77	43.5	63.8
1929	78	32.6	50.9
1929	79	30.2	48.8
1929	80	27.6	46.2
1929	81	21.7	37.4
1929	82	15.3	27.7
1929	83	12.6	21.8
1929	84	10.2	20.1
1929	85	24.2	54.6
1930	0	986	966
1930	1	906	893
1930	2	882	867
1930	3	893	881
1930	4	876	860
1930	5	818	807
1930	6	787	776
1930	7	791	780
1930	8	770	758
1930	9	747	731
1930	10	788	770
1930	11	638	628
1930	12	658	646
1930	13	669	653
1930	14	685	667
1930	15	670	652
1930	16	687	664
1930	17	670	650
1930	18	659	642
1930	19	632	612
1930	20	607	586
1930	21	593	588
1930	22	568	554
1930	23	557	532
1930	24	490	455
1930	25	498	481
1930	26	487	461
1930	27	503	478
1930	28	501	474
1930	29	492	460
1930	30	462	434
1930	31	438	407
1930	32	446	422
1930	33	421	391
1930	34	409	384
1930	35	405	375
1930	36	385	357
1930	37	367	340
1930	38	369	344
1930	39	332	312
1930	40	350	328
1930	41	364	344
1930	42	347	324
1930	43	331	317
1930	44	296	286
1930	45	308	299
1930	46	307	304
1930	47	303	306
1930	48	301	303
1930	49	306	309
1930	50	286	285
1930	51	293	295
1930	52	284	283
1930	53	271	276
1930	54	276	281
1930	55	246	252
1930	56	234	242
1930	57	223	234
1930	58	204	213
1930	59	179	189
1930	60	163	175
1930	61	169	185
1930	62	186	206
1930	63	155	169
1930	64	148	166
1930	65	154	176
1930	66	138	159
1930	67	105	123
1930	68	95	116
1930	69	85	105
1930	70	92	113
1930	71	85	107
1930	72	82	106
1930	73	78	103
1930	74	67	93
1930	75	60	85
1930	76	54	78
1930	77	43	65
1930	78	38	57
1930	79	28	45
1930	80	26	43
1930	81	23	40
1930	82	18	32
1930	83	12	23
1930	84	10	18
1930	85	26	58
1931	0	1013	986
1931	1	930	914
1931	2	886	873
1931	3	871	856
1931	4	884	871
1931	5	869	852
1931	6	817	806
1931	7	785	773
1931	8	789	776
1931	9	769	757
1931	10	746	730
1931	11	786	769
1931	12	637	627
1931	13	656	644
1931	14	666	651
1931	15	681	663
1931	16	666	647
1931	17	683	657
1931	18	665	642
1931	19	654	634
1931	20	626	605
1931	21	584	579
1931	22	591	581
1931	23	565	547
1931	24	553	526
1931	25	486	451
1931	26	494	476
1931	27	483	456
1931	28	499	474
1931	29	498	471
1931	30	488	457
1931	31	459	431
1931	32	434	403
1931	33	443	418
1931	34	417	387
1931	35	406	381
1931	36	401	371
1931	37	382	353
1931	38	363	337
1931	39	365	341
1931	40	329	309
1931	41	347	325
1931	42	360	340
1931	43	343	321
1931	44	328	314
1931	45	292	283
1931	46	304	296
1931	47	303	301
1931	48	299	302
1931	49	296	299
1931	50	301	305
1931	51	281	282
1931	52	288	291
1931	53	279	279
1931	54	266	272
1931	55	269	277
1931	56	240	248
1931	57	228	238
1931	58	216	229
1931	59	198	209
1931	60	173	185
1931	61	157	171
1931	62	162	180
1931	63	178	200
1931	64	147	164
1931	65	140	161
1931	66	146	169
1931	67	130	152
1931	68	98	118
1931	69	89	110
1931	70	78	99
1931	71	85	106
1931	72	77	100
1931	73	74	99
1931	74	69	95
1931	75	59	85
1931	76	52	77
1931	77	47	70
1931	78	37	58
1931	79	32	50
1931	80	23	39
1931	81	21	37
1931	82	19	34
1931	83	14	27
1931	84	10	19
1931	85	26	59
1932	0	1023	993
1932	1	956	936
1932	2	902	887
1932	3	875	863
1932	4	864	849
1932	5	878	865
1932	6	864	847
1932	7	817	805
1932	8	782	770
1932	9	786	774
1932	10	768	756
1932	11	745	729
1932	12	784	767
1932	13	636	626
1932	14	654	642
1932	15	663	648
1932	16	676	659
1932	17	661	642
1932	18	678	650
1932	19	660	634
1932	20	647	626
1932	21	581	597
1932	22	567	573
1932	23	576	574
1932	24	555	541
1932	25	545	520
1932	26	481	447
1932	27	488	472
1932	28	478	451
1932	29	495	470
1932	30	494	467
1932	31	485	453
1932	32	456	428
1932	33	431	399
1932	34	440	414
1932	35	414	384
1932	36	403	379
1932	37	397	367
1932	38	378	349
1932	39	360	333
1932	40	362	337
1932	41	326	305
1932	42	344	323
1932	43	356	337
1932	44	340	318
1932	45	324	311
1932	46	289	281
1932	47	300	293
1932	48	299	298
1932	49	294	299
1932	50	292	296
1932	51	296	301
1932	52	276	278
1932	53	282	287
1932	54	273	276
1932	55	260	269
1932	56	263	273
1932	57	233	244
1932	58	221	234
1932	59	210	225
1932	60	192	205
1932	61	167	180
1932	62	151	167
1932	63	155	176
1932	64	169	194
1932	65	140	158
1932	66	133	155
1932	67	137	163
1932	68	122	146
1932	69	91	113
1932	70	82	105
1932	71	72	94
1932	72	77	100
1932	73	70	94
1932	74	67	92
1932	75	62	87
1932	76	53	78
1932	77	46	70
1932	78	40	63
1932	79	32	51
1932	80	27	44
1932	81	19	34
1932	82	17	31
1932	83	15	29
1932	84	11	22
1932	85	27	61
1933	0	1021	995
1933	1	965	944
1933	2	927	910
1933	3	887	872
1933	4	867	855
1933	5	859	844
1933	6	874	861
1933	7	860	843
1933	8	816	804
1933	9	780	768
1933	10	784	772
1933	11	766	755
1933	12	744	728
1933	13	782	765
1933	14	635	625
1933	15	651	640
1933	16	658	645
1933	17	669	654
1933	18	655	636
1933	19	673	643
1933	20	648	625
1933	21	606	618
1933	22	586	590
1933	23	574	567
1933	24	577	567
1933	25	551	535
1933	26	536	514
1933	27	474	443
1933	28	481	467
1933	29	473	447
1933	30	490	466
1933	31	490	464
1933	32	481	449
1933	33	453	426
1933	34	427	396
1933	35	437	410
1933	36	411	380
1933	37	400	376
1933	38	393	363
1933	39	375	345
1933	40	357	330
1933	41	358	334
1933	42	322	302
1933	43	341	320
1933	44	352	333
1933	45	336	315
1933	46	320	307
1933	47	285	278
1933	48	296	290
1933	49	294	295
1933	50	290	295
1933	51	287	292
1933	52	290	297
1933	53	271	275
1933	54	275	282
1933	55	267	272
1933	56	254	265
1933	57	256	269
1933	58	227	239
1933	59	214	229
1933	60	203	221
1933	61	185	200
1933	62	160	176
1933	63	145	162
1933	64	148	170
1933	65	161	187
1933	66	132	152
1933	67	125	150
1933	68	129	156
1933	69	114	139
1933	70	85	107
1933	71	76	99
1933	72	66	88
1933	73	70	93
1933	74	63	87
1933	75	60	84
1933	76	55	79
1933	77	46	70
1933	78	40	63
1933	79	35	56
1933	80	27	45
1933	81	23	38
1933	82	16	29
1933	83	14	27
1933	84	12	24
1933	85	29	65
1934	0	992	960
1934	1	963	942
1934	2	936	915
1934	3	911	893
1934	4	877	861
1934	5	863	850
1934	6	856	840
1934	7	870	857
1934	8	856	839
1934	9	815	803
1934	10	779	765
1934	11	782	769
1934	12	765	754
1934	13	743	726
1934	14	780	762
1934	15	634	623
1934	16	648	636
1934	17	652	640
1934	18	662	648
1934	19	648	629
1934	20	662	635
1934	21	603	616
1934	22	601	610
1934	23	592	582
1934	24	571	560
1934	25	572	560
1934	26	545	529
1934	27	533	509
1934	28	470	439
1934	29	478	463
1934	30	469	442
1934	31	486	462
1934	32	487	461
1934	33	478	445
1934	34	450	423
1934	35	423	392
1934	36	434	406
1934	37	408	376
1934	38	397	373
1934	39	389	359
1934	40	371	341
1934	41	353	326
1934	42	355	330
1934	43	319	298
1934	44	337	317
1934	45	348	329
1934	46	332	312
1934	47	316	304
1934	48	281	275
1934	49	291	286
1934	50	290	291
1934	51	285	292
1934	52	282	288
1934	53	285	292
1934	54	265	271
1934	55	269	277
1934	56	260	267
1934	57	248	260
1934	58	249	264
1934	59	220	234
1934	60	208	224
1934	61	196	216
1934	62	178	195
1934	63	154	170
1934	64	138	157
1934	65	141	164
1934	66	152	180
1934	67	124	145
1934	68	118	143
1934	69	120	148
1934	70	105	131
1934	71	78	100
1934	72	69	92
1934	73	60	81
1934	74	63	85
1934	75	56	79
1934	76	53	76
1934	77	48	71
1934	78	40	62
1934	79	34	55
1934	80	29	48
1934	81	22	38
1934	82	18	32
1934	83	13	24
1934	84	11	22
1934	85	30	67
1935	0	1031	1005
1935	1	933	913
1935	2	931	914
1935	3	919	900
1935	4	900	882
1935	5	870	854
1935	6	859	847
1935	7	853	837
1935	8	868	854
1935	9	854	836
1935	10	815	803
1935	11	777	763
1935	12	780	767
1935	13	764	752
1935	14	741	724
1935	15	776	758
1935	16	632	621
1935	17	643	633
1935	18	645	636
1935	19	654	643
1935	20	630	623
1935	21	608	627
1935	22	599	607
1935	23	611	602
1935	24	589	575
1935	25	567	554
1935	26	564	554
1935	27	543	523
1935	28	528	503
1935	29	468	436
1935	30	475	458
1935	31	465	437
1935	32	482	459
1935	33	483	457
1935	34	475	442
1935	35	447	420
1935	36	419	388
1935	37	430	402
1935	38	405	373
1935	39	393	370
1935	40	385	356
1935	41	368	338
1935	42	349	323
1935	43	350	327
1935	44	315	295
1935	45	334	314
1935	46	343	326
1935	47	327	309
1935	48	311	300
1935	49	276	273
1935	50	286	283
1935	51	284	287
1935	52	279	288
1935	53	276	284
1935	54	278	287
1935	55	259	267
1935	56	261	273
1935	57	253	263
1935	58	241	255
1935	59	241	259
1935	60	212	229
1935	61	200	219
1935	62	188	211
1935	63	170	190
1935	64	146	165
1935	65	131	152
1935	66	133	159
1935	67	142	172
1935	68	115	138
1935	69	109	136
1935	70	111	140
1935	71	97	124
1935	72	71	94
1935	73	63	86
1935	74	53	75
1935	75	56	79
1935	76	49	72
1935	77	46	68
1935	78	41	63
1935	79	34	55
1935	80	28	48
1935	81	24	42
1935	82	18	32
1935	83	15	27
1935	84	10	19
1935	85	30	68
1936	0	1041	1014
1936	1	973	957
1936	2	912	897
1936	3	917	902
1936	4	908	890
1936	5	893	877
1936	6	866	849
1936	7	855	843
1936	8	852	836
1936	9	864	851
1936	10	852	835
1936	11	813	801
1936	12	775	762
1936	13	777	764
1936	14	760	748
1936	15	737	718
1936	16	772	750
1936	17	627	612
1936	18	635	623
1936	19	631	626
1936	20	632	632
1936	21	545	612
1936	22	600	617
1936	23	602	598
1936	24	607	593
1936	25	584	568
1936	26	557	547
1936	27	562	548
1936	28	535	518
1936	29	525	499
1936	30	463	432
1936	31	473	455
1936	32	460	434
1936	33	477	455
1936	34	478	454
1936	35	469	438
1936	36	442	416
1936	37	415	385
1936	38	426	398
1936	39	400	369
1936	40	388	366
1936	41	381	352
1936	42	363	334
1936	43	345	320
1936	44	346	324
1936	45	311	292
1936	46	329	312
1936	47	339	323
1936	48	322	305
1936	49	306	297
1936	50	271	269
1936	51	281	279
1936	52	278	283
1936	53	273	284
1936	54	270	280
1936	55	271	283
1936	56	252	263
1936	57	254	269
1936	58	245	258
1936	59	232	250
1936	60	232	253
1936	61	204	224
1936	62	191	213
1936	63	180	205
1936	64	162	184
1936	65	138	160
1936	66	123	146
1936	67	124	153
1936	68	132	165
1936	69	106	131
1936	70	100	129
1936	71	101	132
1936	72	87	116
1936	73	64	88
1936	74	55	80
1936	75	47	69
1936	76	49	71
1936	77	42	65
1936	78	39	61
1936	79	34	56
1936	80	28	48
1936	81	23	41
1936	82	19	35
1936	83	14	27
1936	84	11	22
1936	85	28	68
1937	0	1036	993
1937	1	998	970
1937	2	949	928
1937	3	905	887
1937	4	911	894
1937	5	903	883
1937	6	890	872
1937	7	863	845
1937	8	852	839
1937	9	851	836
1937	10	861	848
1937	11	851	835
1937	12	811	800
1937	13	773	760
1937	14	774	762
1937	15	754	743
1937	16	729	711
1937	17	763	742
1937	18	617	604
1937	19	622	613
1937	20	586	616
1937	21	497	622
1937	22	472	602
1937	23	528	608
1937	24	550	589
1937	25	562	586
1937	26	541	562
1937	27	523	541
1937	28	533	542
1937	29	513	513
1937	30	509	495
1937	31	448	428
1937	32	459	451
1937	33	450	431
1937	34	470	451
1937	35	472	451
1937	36	462	435
1937	37	435	412
1937	38	410	382
1937	39	420	395
1937	40	395	366
1937	41	383	362
1937	42	377	349
1937	43	359	331
1937	44	341	317
1937	45	342	322
1937	46	307	290
1937	47	325	309
1937	48	335	320
1937	49	317	302
1937	50	301	294
1937	51	267	266
1937	52	277	276
1937	53	274	279
1937	54	268	280
1937	55	266	276
1937	56	267	279
1937	57	247	259
1937	58	249	265
1937	59	239	254
1937	60	227	246
1937	61	226	247
1937	62	198	219
1937	63	185	207
1937	64	174	200
1937	65	156	179
1937	66	133	155
1937	67	118	141
1937	68	119	147
1937	69	126	159
1937	70	101	125
1937	71	94	123
1937	72	94	124
1937	73	81	109
1937	74	59	82
1937	75	51	74
1937	76	43	63
1937	77	44	65
1937	78	38	58
1937	79	35	55
1937	80	30	49
1937	81	24	42
1937	82	20	36
1937	83	16	30
1937	84	12	23
1937	85	32	72
1938	0	986	947
1938	1	986	951
1938	2	975	946
1938	3	933	910
1938	4	899	880
1938	5	906	888
1938	6	899	878
1938	7	888	869
1938	8	861	842
1938	9	850	836
1938	10	851	835
1938	11	858	845
1938	12	850	834
1938	13	810	798
1938	14	769	758
1938	15	768	757
1938	16	744	736
1938	17	716	703
1938	18	749	732
1938	19	603	594
1938	20	564	603
1938	21	395	605
1938	22	419	612
1938	23	456	591
1938	24	528	598
1938	25	516	580
1938	26	524	578
1938	27	517	555
1938	28	510	535
1938	29	521	536
1938	30	507	508
1938	31	495	490
1938	32	438	424
1938	33	451	448
1938	34	447	428
1938	35	464	447
1938	36	467	447
1938	37	456	431
1938	38	430	408
1938	39	406	379
1938	40	416	391
1938	41	391	362
1938	42	378	358
1938	43	372	346
1938	44	354	328
1938	45	336	314
1938	46	338	318
1938	47	303	287
1938	48	320	306
1938	49	330	317
1938	50	312	298
1938	51	296	290
1938	52	262	262
1938	53	272	273
1938	54	268	275
1938	55	263	275
1938	56	260	272
1938	57	260	275
1938	58	241	254
1938	59	243	260
1938	60	232	249
1938	61	219	240
1938	62	218	241
1938	63	190	213
1938	64	177	201
1938	65	166	193
1938	66	149	173
1938	67	126	149
1938	68	111	135
1938	69	111	140
1938	70	117	151
1938	71	93	118
1938	72	86	114
1938	73	86	115
1938	74	73	100
1938	75	53	75
1938	76	45	66
1938	77	38	57
1938	78	38	57
1938	79	32	51
1938	80	29	47
1938	81	25	42
1938	82	20	35
1938	83	16	30
1938	84	13	25
1938	85	33	71
1939	0	893	865
1939	1	924	901
1939	2	949	923
1939	3	953	928
1939	4	919	897
1939	5	892	875
1939	6	901	883
1939	7	894	873
1939	8	884	866
1939	9	858	839
1939	10	847	833
1939	11	850	834
1939	12	854	841
1939	13	848	832
1939	14	806	796
1939	15	763	754
1939	16	756	752
1939	17	728	728
1939	18	697	694
1939	19	732	722
1939	20	540	585
1939	21	381	592
1939	22	399	595
1939	23	463	602
1939	24	495	581
1939	25	529	588
1939	26	516	572
1939	27	525	570
1939	28	520	548
1939	29	512	528
1939	30	522	530
1939	31	501	503
1939	32	492	485
1939	33	435	420
1939	34	451	444
1939	35	442	425
1939	36	460	443
1939	37	462	443
1939	38	452	428
1939	39	425	404
1939	40	401	375
1939	41	411	387
1939	42	386	358
1939	43	373	353
1939	44	367	342
1939	45	348	325
1939	46	331	310
1939	47	332	315
1939	48	297	284
1939	49	315	302
1939	50	324	313
1939	51	305	294
1939	52	289	285
1939	53	256	258
1939	54	265	269
1939	55	260	270
1939	56	255	270
1939	57	252	267
1939	58	251	269
1939	59	232	249
1939	60	233	254
1939	61	222	243
1939	62	208	233
1939	63	206	233
1939	64	179	206
1939	65	166	194
1939	66	155	185
1939	67	138	165
1939	68	117	142
1939	69	102	128
1939	70	101	132
1939	71	106	142
1939	72	83	109
1939	73	76	106
1939	74	75	105
1939	75	64	91
1939	76	45	67
1939	77	38	59
1939	78	32	50
1939	79	31	49
1939	80	26	44
1939	81	23	40
1939	82	19	35
1939	83	15	29
1939	84	12	24
1939	85	32	72
1940	0	1014	986
1940	1	848	827
1940	2	894	877
1940	3	927	906
1940	4	939	916
1940	5	909	888
1940	6	887	871
1940	7	897	880
1940	8	891	870
1940	9	882	864
1940	10	856	836
1940	11	844	830
1940	12	849	833
1940	13	850	836
1940	14	845	830
1940	15	801	792
1940	16	753	750
1940	17	740	746
1940	18	706	720
1940	19	672	685
1940	20	651	713
1940	21	348	575
1940	22	366	582
1940	23	435	585
1940	24	499	592
1940	25	498	571
1940	26	518	579
1940	27	516	563
1940	28	527	563
1940	29	521	542
1940	30	513	522
1940	31	514	524
1940	32	496	498
1940	33	487	481
1940	34	435	416
1940	35	446	440
1940	36	437	421
1940	37	455	439
1940	38	457	439
1940	39	446	424
1940	40	420	399
1940	41	396	372
1940	42	405	383
1940	43	380	354
1940	44	367	349
1940	45	361	339
1940	46	341	321
1940	47	325	307
1940	48	326	311
1940	49	292	280
1940	50	308	298
1940	51	318	309
1940	52	298	289
1940	53	282	281
1940	54	249	253
1940	55	258	264
1940	56	252	265
1940	57	246	264
1940	58	243	262
1940	59	241	263
1940	60	222	243
1940	61	223	248
1940	62	212	236
1940	63	198	226
1940	64	195	224
1940	65	168	198
1940	66	155	186
1940	67	144	177
1940	68	128	157
1940	69	107	134
1940	70	93	120
1940	71	92	124
1940	72	96	132
1940	73	74	101
1940	74	67	97
1940	75	65	95
1940	76	55	81
1940	77	38	60
1940	78	32	51
1940	79	26	43
1940	80	25	42
1940	81	21	36
1940	82	18	33
1940	83	15	29
1940	84	11	23
1940	85	31	72
1944	0	0	0
1944	1	242	236
1944	2	1128	1091
1944	3	1043	1014
1944	4	1044	1021
1944	5	959	933
1944	6	849	827
1944	7	841	820
1944	8	936	919
1944	9	906	887
1944	10	922	898
1944	11	865	847
1944	12	898	877
1944	13	913	894
1944	14	856	846
1944	15	855	832
1944	16	815	814
1944	17	809	830
1944	18	749	794
1944	19	750	794
1944	20	713	795
1944	21	653	726
1944	22	450	717
1944	23	227	686
1944	24	205	663
1944	25	243	660
1944	26	328	574
1944	27	357	552
1944	28	370	567
1944	29	383	553
1944	30	391	563
1944	31	404	559
1944	32	398	533
1944	33	392	532
1944	34	412	550
1944	35	436	512
1944	36	447	508
1944	37	449	488
1944	38	445	484
1944	39	411	389
1944	40	425	444
1944	41	410	407
1944	42	435	425
1944	43	447	434
1944	44	430	412
1944	45	416	400
1944	46	397	370
1944	47	391	368
1944	48	370	348
1944	49	351	331
1944	50	355	341
1944	51	333	308
1944	52	315	295
1944	53	324	304
1944	54	273	264
1944	55	288	283
1944	56	304	298
1944	57	283	280
1944	58	260	264
1944	59	246	246
1944	60	233	251
1944	61	237	251
1944	62	226	250
1944	63	219	244
1944	64	214	245
1944	65	201	231
1944	66	186	217
1944	67	188	225
1944	68	167	202
1944	69	160	197
1944	70	142	178
1944	71	123	157
1944	72	121	159
1944	73	103	138
1944	74	82	112
1944	75	71	101
1944	76	62	91
1944	77	65	98
1944	78	53	81
1944	79	43	68
1944	80	41	69
1944	81	32	54
1944	82	23	41
1944	83	19	35
1944	84	14	27
1944	85	52	112
1945	0	0	0
1945	1	705	685
1945	2	991	968
1945	3	1004	980
1945	4	979	957
1945	5	1003	979
1945	6	926	902
1945	7	815	798
1945	8	811	792
1945	9	914	896
1945	10	873	854
1945	11	921	897
1945	12	841	831
1945	13	870	854
1945	14	887	868
1945	15	846	830
1945	16	832	819
1945	17	796	805
1945	18	792	812
1945	19	730	768
1945	20	699	768
1945	21	598	753
1945	22	479	698
1945	23	386	693
1945	24	291	656
1945	25	269	640
1945	26	279	635
1945	27	303	554
1945	28	323	531
1945	29	341	543
1945	30	358	549
1945	31	353	531
1945	32	368	542
1945	33	357	526
1945	34	355	518
1945	35	373	525
1945	36	385	498
1945	37	394	496
1945	38	406	478
1945	39	411	469
1945	40	387	384
1945	41	396	418
1945	42	402	400
1945	43	415	409
1945	44	413	409
1945	45	421	407
1945	46	392	380
1945	47	373	357
1945	48	372	357
1945	49	356	336
1945	50	337	326
1945	51	331	314
1945	52	319	299
1945	53	302	288
1945	54	298	292
1945	55	256	249
1945	56	273	271
1945	57	280	281
1945	58	267	270
1945	59	244	248
1945	60	226	238
1945	61	211	227
1945	62	207	228
1945	63	201	231
1945	64	193	225
1945	65	192	226
1945	66	173	204
1945	67	166	202
1945	68	156	195
1945	69	143	178
1945	70	138	179
1945	71	113	147
1945	72	107	144
1945	73	99	137
1945	74	80	114
1945	75	64	91
1945	76	53	78
1945	77	47	73
1945	78	49	78
1945	79	36	57
1945	80	31	52
1945	81	27	46
1945	82	22	39
1945	83	16	29
1945	84	11	22
1945	85	8	16
1945	86	26	58
1946	0	0	0
1946	1	263	258
1946	2	788	765
1946	3	969	951
1946	4	982	962
1946	5	973	946
1946	6	993	970
1946	7	910	889
1946	8	806	791
1946	9	808	791
1946	10	897	878
1946	11	884	863
1946	12	901	883
1946	13	860	852
1946	14	860	847
1946	15	881	861
1946	16	838	830
1946	17	828	819
1946	18	795	806
1946	19	789	808
1946	20	727	770
1946	21	738	765
1946	22	653	752
1946	23	567	702
1946	24	457	689
1946	25	377	658
1946	26	349	638
1946	27	357	634
1946	28	355	559
1946	29	362	523
1946	30	388	559
1946	31	396	537
1946	32	397	529
1946	33	404	548
1946	34	397	529
1946	35	396	520
1946	36	406	523
1946	37	416	500
1946	38	425	499
1946	39	422	471
1946	40	424	477
1946	41	387	374
1946	42	407	424
1946	43	409	403
1946	44	402	400
1946	45	423	418
1946	46	418	403
1946	47	389	382
1946	48	371	359
1946	49	369	353
1946	50	353	341
1946	51	332	317
1946	52	333	316
1946	53	323	302
1946	54	293	288
1946	55	293	287
1946	56	257	251
1946	57	267	268
1946	58	278	283
1946	59	262	265
1946	60	236	244
1946	61	225	235
1946	62	209	230
1946	63	205	229
1946	64	193	227
1946	65	191	226
1946	66	180	214
1946	67	171	206
1946	68	155	192
1946	69	148	185
1946	70	137	176
1946	71	127	165
1946	72	113	150
1946	73	101	139
1946	74	92	129
1946	75	76	108
1946	76	57	83
1946	77	48	72
1946	78	44	70
1946	79	41	65
1946	80	31	52
1946	81	26	45
1946	82	24	43
1946	83	20	36
1946	84	13	25
1946	85	10	19
1946	86	28	60
1947	0	1274	1224
1947	1	791	765
1947	2	832	816
1947	3	1014	994
1947	4	987	966
1947	5	1019	992
1947	6	1003	982
1947	7	909	893
1947	8	806	790
1947	9	860	844
1947	10	907	884
1947	11	918	903
1947	12	888	872
1947	13	859	844
1947	14	878	861
1947	15	872	857
1947	16	861	845
1947	17	826	815
1947	18	807	809
1947	19	778	793
1947	20	779	777
1947	21	743	771
1947	22	689	754
1947	23	610	705
1947	24	541	691
1947	25	508	672
1947	26	484	641
1947	27	513	665
1947	28	446	545
1947	29	460	558
1947	30	470	558
1947	31	483	563
1947	32	470	551
1947	33	486	560
1947	34	471	535
1947	35	467	533
1947	36	473	529
1947	37	469	510
1947	38	467	501
1947	39	454	479
1947	40	456	460
1947	41	410	396
1947	42	415	413
1947	43	406	397
1947	44	424	415
1947	45	422	410
1947	46	416	399
1947	47	392	380
1947	48	366	351
1947	49	368	355
1947	50	345	325
1947	51	334	319
1947	52	330	313
1947	53	305	296
1947	54	287	279
1947	55	286	280
1947	56	251	249
1947	57	263	268
1947	58	269	273
1947	59	247	258
1947	60	231	243
1947	61	196	213
1947	62	198	219
1947	63	191	222
1947	64	180	215
1947	65	171	207
1947	66	169	207
1947	67	148	185
1947	68	143	182
1947	69	133	174
1947	70	119	157
1947	71	115	155
1947	72	95	133
1947	73	83	120
1947	74	74	110
1947	75	61	92
1947	76	48	73
1947	77	38	62
1947	78	34	55
1947	79	32	55
1947	80	23	41
1947	81	20	38
1947	82	18	34
1947	83	13	26
1947	84	8	17
1947	85	23	53
1948	0	1315	1256
1948	1	1231	1180
1948	2	788	758
1948	3	832	813
1948	4	1012	990
1948	5	985	964
1948	6	1018	992
1948	7	1003	980
1948	8	911	891
1948	9	803	786
1948	10	863	847
1948	11	908	886
1948	12	920	901
1948	13	887	871
1948	14	861	846
1948	15	877	861
1948	16	871	857
1948	17	861	844
1948	18	825	814
1948	19	804	806
1948	20	776	790
1948	21	773	775
1948	22	741	768
1948	23	686	748
1948	24	610	701
1948	25	541	688
1948	26	508	668
1948	27	484	639
1948	28	513	663
1948	29	446	544
1948	30	460	557
1948	31	470	557
1948	32	483	563
1948	33	470	550
1948	34	486	559
1948	35	471	534
1948	36	467	534
1948	37	472	527
1948	38	468	507
1948	39	466	499
1948	40	453	477
1948	41	454	459
1948	42	407	394
1948	43	413	412
1948	44	404	394
1948	45	421	413
1948	46	419	408
1948	47	411	396
1948	48	387	376
1948	49	361	346
1948	50	364	351
1948	51	341	323
1948	52	329	317
1948	53	323	309
1948	54	300	292
1948	55	282	275
1948	56	282	278
1948	57	247	247
1948	58	258	265
1948	59	261	268
1948	60	241	252
1948	61	224	239
1948	62	189	209
1948	63	191	215
1948	64	184	215
1948	65	173	209
1948	66	163	200
1948	67	160	197
1948	68	140	177
1948	69	135	175
1948	70	125	165
1948	71	111	150
1948	72	106	145
1948	73	87	124
1948	74	76	111
1948	75	67	101
1948	76	55	84
1948	77	43	66
1948	78	34	56
1948	79	30	50
1948	80	28	49
1948	81	20	35
1948	82	16	32
1948	83	14	28
1948	84	11	21
1948	85	23	54
1949	0	1316	1259
1949	1	1280	1227
1949	2	1211	1159
1949	3	787	755
1949	4	832	810
1949	5	1011	986
1949	6	982	960
1949	7	1014	988
1949	8	1002	978
1949	9	911	891
1949	10	803	785
1949	11	863	848
1949	12	908	886
1949	13	920	900
1949	14	887	871
1949	15	861	845
1949	16	875	859
1949	17	868	854
1949	18	854	841
1949	19	817	808
1949	20	795	800
1949	21	771	783
1949	22	764	770
1949	23	737	764
1949	24	681	738
1949	25	610	694
1949	26	542	681
1949	27	508	661
1949	28	485	633
1949	29	515	659
1949	30	442	539
1949	31	458	553
1949	32	469	555
1949	33	483	561
1949	34	472	547
1949	35	487	557
1949	36	473	533
1949	37	471	534
1949	38	468	520
1949	39	464	501
1949	40	463	496
1949	41	450	472
1949	42	450	457
1949	43	400	389
1949	44	410	410
1949	45	399	390
1949	46	417	409
1949	47	415	405
1949	48	405	391
1949	49	381	371
1949	50	354	339
1949	51	359	348
1949	52	336	320
1949	53	323	314
1949	54	316	305
1949	55	295	288
1949	56	277	271
1949	57	277	276
1949	58	243	246
1949	59	253	263
1949	60	254	264
1949	61	235	246
1949	62	216	234
1949	63	183	205
1949	64	184	210
1949	65	176	208
1949	66	165	203
1949	67	156	194
1949	68	151	188
1949	69	132	170
1949	70	128	168
1949	71	117	158
1949	72	104	143
1949	73	97	136
1949	74	79	115
1949	75	69	103
1949	76	60	93
1949	77	50	78
1949	78	38	61
1949	79	30	51
1949	80	26	47
1949	81	24	44
1949	82	16	30
1949	83	13	27
1949	84	12	24
1949	85	26	59
1950	0	1182	1134
1950	1	1287	1236
1950	2	1265	1216
1950	3	1199	1148
1950	4	786	754
1950	5	832	809
1950	6	1009	982
1950	7	978	955
1950	8	1008	980
1950	9	1000	971
1950	10	910	888
1950	11	800	782
1950	12	863	848
1950	13	907	886
1950	14	920	897
1950	15	884	867
1950	16	861	845
1950	17	869	855
1950	18	862	849
1950	19	842	835
1950	20	803	800
1950	21	784	790
1950	22	765	774
1950	23	752	766
1950	24	733	759
1950	25	675	727
1950	26	610	687
1950	27	544	673
1950	28	507	651
1950	29	486	625
1950	30	518	653
1950	31	438	532
1950	32	456	547
1950	33	466	551
1950	34	483	559
1950	35	474	542
1950	36	489	553
1950	37	474	531
1950	38	477	536
1950	39	462	511
1950	40	459	492
1950	41	459	491
1950	42	446	465
1950	43	445	454
1950	44	390	382
1950	45	405	408
1950	46	394	385
1950	47	412	405
1950	48	410	401
1950	49	398	386
1950	50	373	364
1950	51	346	332
1950	52	353	344
1950	53	330	318
1950	54	317	312
1950	55	308	301
1950	56	289	283
1950	57	271	267
1950	58	272	274
1950	59	239	245
1950	60	248	261
1950	61	246	260
1950	62	229	241
1950	63	209	231
1950	64	177	202
1950	65	178	207
1950	66	169	202
1950	67	158	197
1950	68	149	189
1950	69	142	180
1950	70	125	164
1950	71	120	161
1950	72	109	150
1950	73	97	138
1950	74	89	127
1950	75	72	108
1950	76	63	96
1950	77	54	86
1950	78	45	72
1950	79	34	56
1950	80	26	47
1950	81	24	44
1950	82	21	41
1950	83	14	27
1950	84	11	22
1950	85	29	67
1951	0	1098	1050
1951	1	1155	1110
1951	2	1268	1221
1951	3	1258	1209
1951	4	1191	1144
1951	5	787	753
1951	6	825	810
1951	7	1011	985
1951	8	979	955
1951	9	1010	977
1951	10	1000	974
1951	11	915	888
1951	12	796	781
1951	13	862	857
1951	14	906	882
1951	15	920	896
1951	16	883	865
1951	17	860	838
1951	18	863	856
1951	19	855	843
1951	20	836	832
1951	21	800	799
1951	22	777	791
1951	23	755	774
1951	24	745	764
1951	25	723	757
1951	26	671	725
1951	27	608	682
1951	28	540	668
1951	29	499	647
1951	30	482	618
1951	31	513	648
1951	32	432	527
1951	33	453	545
1951	34	463	551
1951	35	479	559
1951	36	474	539
1951	37	489	549
1951	38	472	529
1951	39	473	537
1951	40	458	514
1951	41	455	491
1951	42	457	488
1951	43	448	463
1951	44	441	449
1951	45	393	378
1951	46	404	404
1951	47	390	384
1951	48	410	404
1951	49	405	396
1951	50	393	382
1951	51	365	364
1951	52	340	332
1951	53	349	340
1951	54	328	313
1951	55	315	308
1951	56	304	296
1951	57	281	281
1951	58	263	261
1951	59	266	269
1951	60	232	240
1951	61	242	257
1951	62	240	254
1951	63	221	239
1951	64	202	221
1951	65	168	197
1951	66	170	197
1951	67	161	195
1951	68	150	190
1951	69	143	183
1951	70	133	171
1951	71	115	155
1951	72	110	151
1951	73	100	142
1951	74	86	124
1951	75	83	121
1951	76	66	101
1951	77	55	88
1951	78	48	80
1951	79	39	64
1951	80	134	256
1952	0	1010	967
1952	1	1079	1034
1952	2	1147	1102
1952	3	1263	1216
1952	4	1248	1201
1952	5	1188	1139
1952	6	781	749
1952	7	827	806
1952	8	1005	980
1952	9	975	953
1952	10	1005	978
1952	11	997	970
1952	12	908	886
1952	13	798	780
1952	14	861	847
1952	15	905	884
1952	16	918	895
1952	17	882	865
1952	18	857	842
1952	19	865	852
1952	20	857	845
1952	21	836	831
1952	22	797	796
1952	23	778	785
1952	24	758	769
1952	25	746	761
1952	26	726	754
1952	27	669	722
1952	28	605	681
1952	29	539	668
1952	30	503	646
1952	31	482	620
1952	32	514	649
1952	33	434	528
1952	34	452	542
1952	35	462	546
1952	36	478	555
1952	37	469	537
1952	38	484	548
1952	39	470	527
1952	40	472	531
1952	41	457	506
1952	42	453	487
1952	43	453	486
1952	44	440	461
1952	45	439	449
1952	46	384	378
1952	47	398	403
1952	48	387	380
1952	49	405	400
1952	50	402	396
1952	51	389	380
1952	52	364	358
1952	53	337	326
1952	54	344	337
1952	55	321	311
1952	56	307	305
1952	57	297	294
1952	58	277	276
1952	59	259	259
1952	60	260	266
1952	61	227	236
1952	62	235	252
1952	63	232	250
1952	64	214	230
1952	65	194	219
1952	66	162	190
1952	67	162	194
1952	68	153	189
1952	69	142	183
1952	70	133	174
1952	71	125	164
1952	72	108	148
1952	73	103	145
1952	74	92	134
1952	75	80	121
1952	76	73	110
1952	77	58	91
1952	78	49	80
1952	79	182	346
1953	0	943	900
1953	1	996	954
1953	2	1072	1027
1953	3	1141	1096
1953	4	1258	1211
1953	5	1244	1198
1953	6	1186	1137
1953	7	779	748
1953	8	826	805
1953	9	1004	979
1953	10	974	953
1953	11	1004	978
1953	12	997	970
1953	13	908	886
1953	14	797	780
1953	15	861	847
1953	16	904	883
1953	17	917	894
1953	18	880	864
1953	19	855	841
1953	20	863	851
1953	21	855	843
1953	22	834	830
1953	23	795	794
1953	24	776	784
1953	25	757	768
1953	26	744	759
1953	27	724	753
1953	28	668	721
1953	29	603	680
1953	30	538	667
1953	31	502	645
1953	32	480	619
1953	33	512	648
1953	34	432	527
1953	35	451	541
1953	36	460	545
1953	37	477	553
1953	38	468	535
1953	39	483	547
1953	40	468	525
1953	41	470	529
1953	42	455	504
1953	43	451	485
1953	44	451	484
1953	45	438	458
1953	46	436	447
1953	47	381	375
1953	48	395	400
1953	49	384	378
1953	50	401	397
1953	51	398	393
1953	52	385	377
1953	53	359	355
1953	54	333	322
1953	55	339	333
1953	56	315	308
1953	57	301	301
1953	58	291	290
1953	59	271	272
1953	60	253	255
1953	61	254	261
1953	62	221	232
1953	63	228	247
1953	64	224	245
1953	65	206	225
1953	66	186	213
1953	67	154	184
1953	68	154	188
1953	69	144	182
1953	70	133	175
1953	71	124	166
1953	72	116	156
1953	73	100	140
1953	74	95	136
1953	75	84	125
1953	76	72	112
1953	77	65	101
1953	78	51	83
1953	79	42	72
1953	80	150	295
1954	0	883	840
1954	1	932	891
1954	2	993	951
1954	3	1070	1024
1954	4	1138	1095
1954	5	1258	1211
1954	6	1245	1198
1954	7	1187	1138
1954	8	780	749
1954	9	827	806
1954	10	1005	981
1954	11	976	955
1954	12	1006	980
1954	13	998	971
1954	14	910	888
1954	15	799	782
1954	16	862	848
1954	17	905	885
1954	18	917	895
1954	19	880	864
1954	20	855	841
1954	21	862	851
1954	22	853	843
1954	23	833	829
1954	24	794	794
1954	25	775	783
1954	26	756	768
1954	27	743	759
1954	28	723	752
1954	29	666	720
1954	30	602	680
1954	31	537	667
1954	32	501	644
1954	33	480	618
1954	34	512	647
1954	35	432	526
1954	36	450	541
1954	37	460	544
1954	38	476	553
1954	39	467	535
1954	40	481	546
1954	41	467	524
1954	42	468	528
1954	43	454	503
1954	44	449	484
1954	45	449	483
1954	46	436	457
1954	47	434	446
1954	48	379	374
1954	49	393	399
1954	50	381	376
1954	51	398	395
1954	52	394	391
1954	53	381	375
1954	54	355	353
1954	55	329	320
1954	56	334	331
1954	57	311	305
1954	58	297	298
1954	59	286	287
1954	60	266	269
1954	61	248	252
1954	62	248	258
1954	63	215	228
1954	64	222	243
1954	65	217	240
1954	66	199	220
1954	67	179	208
1954	68	147	178
1954	69	147	182
1954	70	137	176
1954	71	125	169
1954	72	116	159
1954	73	108	148
1954	74	92	132
1954	75	87	128
1954	76	77	117
1954	77	65	104
1954	78	58	93
1954	79	45	74
1954	80	159	314
